RelativePath,Replacements,UnresolvedMarkers,BytesBefore,BytesAfter
Plugins\Assembly-CSharp-firstpass\AudioManager.cs,2,0,671,464
Plugins\Assembly-CSharp-firstpass\AudioSourcex.cs,4,0,1008,604
Plugins\Assembly-CSharp-firstpass\ByteStream.cs,1,0,911,805
Plugins\Assembly-CSharp-firstpass\Dialog.cs,4,0,1965,1585
Plugins\Assembly-CSharp-firstpass\DictionaryToString.cs,2,0,487,295
Plugins\Assembly-CSharp-firstpass\DrawArea.cs,1,0,558,453
Plugins\Assembly-CSharp-firstpass\DrawArea3D.cs,1,0,336,231
Plugins\Assembly-CSharp-firstpass\EdgePixels.cs,3,0,658,342
Plugins\Assembly-CSharp-firstpass\Email.cs,1,0,280,174
Plugins\Assembly-CSharp-firstpass\EnumerableScript.cs,2,0,609,406
Plugins\Assembly-CSharp-firstpass\ExternalPersistentArchive.cs,4,0,1392,990
Plugins\Assembly-CSharp-firstpass\FractalNoise.cs,3,0,1093,772
Plugins\Assembly-CSharp-firstpass\GameCenterAchievement.cs,2,0,687,496
Plugins\Assembly-CSharp-firstpass\GameCenterAchievementMetadata.cs,2,0,723,540
Plugins\Assembly-CSharp-firstpass\GameCenterBinding.cs,5,0,4855,4319
Plugins\Assembly-CSharp-firstpass\GameCenterLeaderboard.cs,2,0,578,387
Plugins\Assembly-CSharp-firstpass\GameCenterPlayer.cs,2,0,586,390
Plugins\Assembly-CSharp-firstpass\GameCenterScore.cs,2,0,742,545
Plugins\Assembly-CSharp-firstpass\GravCloudBinding.cs,2,0,1277,1061
Plugins\Assembly-CSharp-firstpass\GravCloudPrefs.cs,11,0,3589,2435
Plugins\Assembly-CSharp-firstpass\GUIx.cs,18,0,5876,3937
Plugins\Assembly-CSharp-firstpass\iCloudBinding.cs,13,0,4725,3330
Plugins\Assembly-CSharp-firstpass\iCloudManager.cs,2,0,1485,1287
Plugins\Assembly-CSharp-firstpass\Inputx.cs,4,0,737,308
Plugins\Assembly-CSharp-firstpass\JCloudData.cs,10,0,2593,1517
Plugins\Assembly-CSharp-firstpass\JCloudDictionary.cs,10,0,2629,1553
Plugins\Assembly-CSharp-firstpass\JCloudDocument.cs,17,0,3700,1873
Plugins\Assembly-CSharp-firstpass\JCloudDocumentAsync.cs,32,0,8204,5471
Plugins\Assembly-CSharp-firstpass\JCloudManager.cs,6,0,2231,1623
Plugins\Assembly-CSharp-firstpass\JCloudRoutine.cs,3,0,1206,898
Plugins\Assembly-CSharp-firstpass\JCloudRoutineReturn.cs,2,0,558,342
Plugins\Assembly-CSharp-firstpass\LEDScroller.cs,8,0,3337,2499
Plugins\Assembly-CSharp-firstpass\Localize.cs,6,0,1844,1233
Plugins\Assembly-CSharp-firstpass\LocalizedString.cs,2,0,521,309
Plugins\Assembly-CSharp-firstpass\Mathfx.cs,11,0,2310,1133
Plugins\Assembly-CSharp-firstpass\Matrix4x4x.cs,9,0,1832,905
Plugins\Assembly-CSharp-firstpass\MessengerInternal.cs,1,0,954,860
Plugins\Assembly-CSharp-firstpass\MiniJSON.cs,18,0,4616,2690
Plugins\Assembly-CSharp-firstpass\MiniJsonExtensions.cs,4,0,896,478
Plugins\Assembly-CSharp-firstpass\MoreGamesBinding.cs,1,0,682,574
Plugins\Assembly-CSharp-firstpass\P31CloudFile.cs,16,0,3356,1648
Plugins\Assembly-CSharp-firstpass\P31Prefs.cs,9,0,2183,1218
Plugins\Assembly-CSharp-firstpass\Perlin.cs,7,0,1386,637
Plugins\Assembly-CSharp-firstpass\PIDController.cs,1,0,617,510
Plugins\Assembly-CSharp-firstpass\PIDVectorController.cs,1,0,675,570
Plugins\Assembly-CSharp-firstpass\Quaternionx.cs,1,0,251,148
Plugins\Assembly-CSharp-firstpass\Rangef.cs,5,0,1031,496
Plugins\Assembly-CSharp-firstpass\Rectx.cs,5,0,975,441
Plugins\Assembly-CSharp-firstpass\ScreenFade.cs,8,0,2010,1189
Plugins\Assembly-CSharp-firstpass\Screenx.cs,18,0,3521,1619
Plugins\Assembly-CSharp-firstpass\Script.cs,23,0,5635,3177
Plugins\Assembly-CSharp-firstpass\SingletonScript.cs,3,0,805,478
Plugins\Assembly-CSharp-firstpass\SmoothFollower.cs,4,0,1082,662
Plugins\Assembly-CSharp-firstpass\SmoothRandom.cs,3,0,625,313
Plugins\Assembly-CSharp-firstpass\StoreKitBinding.cs,2,0,1730,1535
Plugins\Assembly-CSharp-firstpass\StoreKitProduct.cs,3,0,882,588
Plugins\Assembly-CSharp-firstpass\StoreKitTransaction.cs,4,0,1012,633
Plugins\Assembly-CSharp-firstpass\UghAlign.cs,1,0,976,868
Plugins\Assembly-CSharp-firstpass\UghButton.cs,1,0,733,625
Plugins\Assembly-CSharp-firstpass\UghButtonDisablable.cs,1,0,528,420
Plugins\Assembly-CSharp-firstpass\UghCamera.cs,6,0,1692,1062
Plugins\Assembly-CSharp-firstpass\UghControl.cs,3,0,1244,919
Plugins\Assembly-CSharp-firstpass\UghInput.cs,6,0,1803,1168
Plugins\Assembly-CSharp-firstpass\UghPublisher.cs,14,0,5295,3999
Plugins\Assembly-CSharp-firstpass\UghScrollView.cs,11,0,4181,3142
Plugins\Assembly-CSharp-firstpass\UghSlider.cs,4,0,1332,905
Plugins\Assembly-CSharp-firstpass\UghSlideToggle.cs,3,0,1451,1130
Plugins\Assembly-CSharp-firstpass\UghSprite.cs,12,0,2979,1727
Plugins\Assembly-CSharp-firstpass\UghSpritePrototype.cs,1,0,938,836
Plugins\Assembly-CSharp-firstpass\UghStretch.cs,1,0,1184,1076
Plugins\Assembly-CSharp-firstpass\UghText.cs,2,0,1153,947
Plugins\Assembly-CSharp-firstpass\UghToggle.cs,4,0,1456,1038
Plugins\Assembly-CSharp-firstpass\UghTriangle.cs,1,0,635,536
Plugins\Assembly-CSharp-firstpass\UnlocalizedString.cs,6,0,1327,722
Plugins\Assembly-CSharp-firstpass\Util.cs,44,0,9372,4726
Plugins\Assembly-CSharp-firstpass\Vector3x.cs,6,0,1289,659
Plugins\Assembly-CSharp-firstpass\WindowIDs.cs,1,0,288,179
Scripts\Assembly-CSharp\AchievementListener.cs,4,0,1663,1266
Scripts\Assembly-CSharp\AchievementManager.cs,2,0,1564,1379
Scripts\Assembly-CSharp\AchievementPanelPublisher.cs,1,0,401,308
Scripts\Assembly-CSharp\AchievementUI.cs,4,0,1522,1162
Scripts\Assembly-CSharp\AchievementWindowPublisher.cs,2,0,805,615
Scripts\Assembly-CSharp\AgeGatePopup.cs,2,0,1020,805
Scripts\Assembly-CSharp\AlternateForm.cs,3,0,822,505
Scripts\Assembly-CSharp\AnimatedTexture.cs,1,0,489,381
Scripts\Assembly-CSharp\AnimationDriver.cs,2,0,1023,829
Scripts\Assembly-CSharp\BarrelLauncher.cs,1,0,492,384
Scripts\Assembly-CSharp\BarrelSpawner.cs,1,0,601,493
Scripts\Assembly-CSharp\BaseEffect.cs,8,0,2882,2087
Scripts\Assembly-CSharp\BaseMission.cs,4,0,1307,881
Scripts\Assembly-CSharp\BillboardRemover.cs,1,0,408,300
Scripts\Assembly-CSharp\BoatAnchorEffect.cs,2,0,771,561
Scripts\Assembly-CSharp\BoosterEffect.cs,2,0,633,423
Scripts\Assembly-CSharp\BoosterPickup.cs,1,0,348,246
Scripts\Assembly-CSharp\CameraShake.cs,2,0,873,657
Scripts\Assembly-CSharp\CarAI.cs,6,0,2436,1788
Scripts\Assembly-CSharp\CarAIPath.cs,1,0,401,292
Scripts\Assembly-CSharp\CarAIPathManager.cs,4,0,1092,668
Scripts\Assembly-CSharp\CarAIPersonality.cs,1,0,551,472
Scripts\Assembly-CSharp\CarCollider.cs,17,0,5741,3933
Scripts\Assembly-CSharp\CarMetrics.cs,2,0,987,783
Scripts\Assembly-CSharp\CarProgress.cs,1,0,447,346
Scripts\Assembly-CSharp\CartAttributes.cs,12,0,2800,1570
Scripts\Assembly-CSharp\CartCustomizerPublisher.cs,8,0,4838,4062
Scripts\Assembly-CSharp\CartPart.cs,4,0,1121,711
Scripts\Assembly-CSharp\CartPartList.cs,13,0,3140,1794
Scripts\Assembly-CSharp\CartPrimaryTextureProfile.cs,1,0,401,305
Scripts\Assembly-CSharp\CartSlot.cs,8,0,2043,1193
Scripts\Assembly-CSharp\CatchupNotify.cs,1,0,338,230
Scripts\Assembly-CSharp\CausticsManager.cs,1,0,406,298
Scripts\Assembly-CSharp\CharacterConfigData.cs,6,0,1875,1245
Scripts\Assembly-CSharp\CharacterSelectPublisher.cs,2,0,1651,1435
Scripts\Assembly-CSharp\CharacterVOController.cs,1,0,756,653
Scripts\Assembly-CSharp\CharacterVOControllerGameObjectExtender.cs,1,0,295,204
Scripts\Assembly-CSharp\CheckPowerupUseAchievementListener.cs,3,0,920,596
Scripts\Assembly-CSharp\CloudSaveData.cs,1,0,563,454
Scripts\Assembly-CSharp\CoinBalanceAchievementListener.cs,2,0,671,455
Scripts\Assembly-CSharp\CoinPoint.cs,2,0,974,763
Scripts\Assembly-CSharp\CompleteAllMissionsAchievementListener.cs,2,0,657,441
Scripts\Assembly-CSharp\CompositeProfile.cs,1,0,704,605
Scripts\Assembly-CSharp\CompositeTextureUtil.cs,7,0,1797,1069
Scripts\Assembly-CSharp\ConfirmationPublisher.cs,2,0,669,479
Scripts\Assembly-CSharp\Crab.cs,1,0,767,659
Scripts\Assembly-CSharp\CrossFinishLineBackwardsAchievementListener.cs,1,0,403,295
Scripts\Assembly-CSharp\DailyBonusPublisher.cs,1,0,388,280
Scripts\Assembly-CSharp\DataUtility.cs,13,0,4722,3367
Scripts\Assembly-CSharp\DebugMoreCoinsPublisher.cs,2,0,968,771
Scripts\Assembly-CSharp\DifficultyMenuPublisher.cs,1,0,738,631
Scripts\Assembly-CSharp\DriftScalePublisher.cs,2,0,795,605
Scripts\Assembly-CSharp\DriveAvoidTerrainAIState.cs,1,0,529,431
Scripts\Assembly-CSharp\DriveHitBeneficialAIState.cs,1,0,524,426
Scripts\Assembly-CSharp\DrivePickupAIState.cs,1,0,489,391
Scripts\Assembly-CSharp\DriveWaypointsCarAIState.cs,1,0,522,424
Scripts\Assembly-CSharp\EffectManager.cs,7,0,2052,1318
Scripts\Assembly-CSharp\EquipPaintJobAchievementListener.cs,2,0,701,485
Scripts\Assembly-CSharp\EquipPartSetAchievementListener.cs,2,0,666,450
Scripts\Assembly-CSharp\ExplodingBarrel.cs,2,0,776,586
Scripts\Assembly-CSharp\Explosion.cs,1,0,368,260
Scripts\Assembly-CSharp\FadeHelper.cs,5,0,1949,1426
Scripts\Assembly-CSharp\FirstPlaceAchievementListener.cs,1,0,465,357
Scripts\Assembly-CSharp\FlipEffect.cs,2,0,771,561
Scripts\Assembly-CSharp\FrontEndCamera.cs,1,0,906,798
Scripts\Assembly-CSharp\FrontEndLogic.cs,4,0,2154,1763
Scripts\Assembly-CSharp\FrontEndTutorialHandler.cs,2,0,1083,879
Scripts\Assembly-CSharp\FrontEndTutorialPublisher.cs,3,0,1460,1188
Scripts\Assembly-CSharp\GenericPopupPublisher.cs,1,0,436,328
Scripts\Assembly-CSharp\GetHitByTrackHazardAchievementListener.cs,3,0,946,622
Scripts\Assembly-CSharp\GimpedCarAI.cs,6,0,2417,1800
Scripts\Assembly-CSharp\GuidedJumpEffect.cs,2,0,920,710
Scripts\Assembly-CSharp\HitMaxSpeedAchievementListener.cs,2,0,674,458
Scripts\Assembly-CSharp\HUDLogic.cs,15,0,5304,3928
Scripts\Assembly-CSharp\InputBlocker.cs,2,0,527,337
Scripts\Assembly-CSharp\InRaceAquirePickupListener.cs,3,0,925,601
Scripts\Assembly-CSharp\LastPlaceAchievementListener.cs,1,0,456,348
Scripts\Assembly-CSharp\LifetimeInAirAchievementListener.cs,2,0,681,465
Scripts\Assembly-CSharp\LifetimeMetrics.cs,2,0,749,546
Scripts\Assembly-CSharp\LifetimeOpponentHitsAchievementListener.cs,3,0,908,584
Scripts\Assembly-CSharp\LifetimePowerupCollectionAchievementListener.cs,3,0,900,576
Scripts\Assembly-CSharp\LoadingPublisher.cs,6,0,1592,1074
Scripts\Assembly-CSharp\LoadSpin.cs,2,0,586,396
Scripts\Assembly-CSharp\LocalizedAssetSwapper.cs,1,0,459,351
Scripts\Assembly-CSharp\MakePlaceAchievementListener.cs,1,0,508,400
Scripts\Assembly-CSharp\MaxCrashSpeedAchievementListener.cs,2,0,681,465
Scripts\Assembly-CSharp\MetaMissionGroupAchievementListener.cs,2,0,708,492
Scripts\Assembly-CSharp\MineAI.cs,2,0,965,749
Scripts\Assembly-CSharp\MineEffect.cs,2,0,685,475
Scripts\Assembly-CSharp\MineNotifyPublisher.cs,3,0,783,511
Scripts\Assembly-CSharp\MinePickup.cs,1,0,303,201
Scripts\Assembly-CSharp\MissionCollection.cs,5,0,1338,807
Scripts\Assembly-CSharp\MissionManager.cs,5,0,1611,1078
Scripts\Assembly-CSharp\MoreDisneyLogic.cs,1,0,344,236
Scripts\Assembly-CSharp\MultilayerTexture.cs,2,0,724,514
Scripts\Assembly-CSharp\MusicPlayer.cs,3,0,1111,794
Scripts\Assembly-CSharp\ObjectGroupList.cs,1,0,417,309
Scripts\Assembly-CSharp\PaintJob.cs,1,0,361,258
Scripts\Assembly-CSharp\ParticleLibrary.cs,2,0,774,575
Scripts\Assembly-CSharp\ParticleSystemDestroy.cs,1,0,312,204
Scripts\Assembly-CSharp\PickupCoinsPerRaceAchievementListener.cs,3,0,871,547
Scripts\Assembly-CSharp\PickupSpawner.cs,1,0,641,533
Scripts\Assembly-CSharp\PieAttack.cs,2,0,809,619
Scripts\Assembly-CSharp\PieHitEffect.cs,2,0,728,518
Scripts\Assembly-CSharp\PieLauncher.cs,2,0,684,494
Scripts\Assembly-CSharp\PieSplat.cs,1,0,391,283
Scripts\Assembly-CSharp\PlaceWithNoPowerupsAchievementListener.cs,2,0,702,486
Scripts\Assembly-CSharp\PlayerAccelControl.cs,1,0,586,478
Scripts\Assembly-CSharp\PlayerInstance.cs,4,0,1305,893
Scripts\Assembly-CSharp\PlayerKeyboardControl.cs,4,0,1232,800
Scripts\Assembly-CSharp\PlayMenuPublisher.cs,1,0,596,488
Scripts\Assembly-CSharp\PlaySummaryPublisher.cs,1,0,843,735
Scripts\Assembly-CSharp\PowerSlideBoostAchievementListener.cs,3,0,895,571
Scripts\Assembly-CSharp\PowerupHitInAirAchievementListener.cs,3,0,865,541
Scripts\Assembly-CSharp\PowerupHolder.cs,6,0,1560,926
Scripts\Assembly-CSharp\PowerupMagnet.cs,2,0,982,772
Scripts\Assembly-CSharp\PreFrontEndHoop.cs,1,0,306,198
Scripts\Assembly-CSharp\PreviewCart.cs,11,0,3829,2807
Scripts\Assembly-CSharp\ProgressTriggerLogic.cs,1,0,409,301
Scripts\Assembly-CSharp\QualityControl.cs,6,0,1217,569
Scripts\Assembly-CSharp\RaceManager.cs,27,0,7582,4911
Scripts\Assembly-CSharp\RaceResultsPublisher.cs,4,0,1750,1396
Scripts\Assembly-CSharp\RaceSettings.cs,5,0,1888,1386
Scripts\Assembly-CSharp\RandomShotEffect.cs,2,0,771,561
Scripts\Assembly-CSharp\RewbieShimmer.cs,1,0,393,285
Scripts\Assembly-CSharp\RewindDialogPublisher.cs,3,0,889,564
Scripts\Assembly-CSharp\RocketEffect.cs,2,0,942,732
Scripts\Assembly-CSharp\RocketPickup.cs,1,0,307,205
Scripts\Assembly-CSharp\RocketRideEffect.cs,2,0,914,704
Scripts\Assembly-CSharp\RotatorAI.cs,1,0,401,293
Scripts\Assembly-CSharp\ScreenFader.cs,3,0,1231,940
Scripts\Assembly-CSharp\SelectCircuitPublisher.cs,4,0,1992,1638
Scripts\Assembly-CSharp\SettingsMenuPublisher.cs,1,0,954,846
Scripts\Assembly-CSharp\ShadowBlob.cs,1,0,554,449
Scripts\Assembly-CSharp\ShieldEffect.cs,3,0,870,552
Scripts\Assembly-CSharp\ShieldPickup.cs,1,0,307,205
Scripts\Assembly-CSharp\ShiftUIPublisher.cs,2,0,2639,2434
Scripts\Assembly-CSharp\ShockedEffect.cs,2,0,667,457
Scripts\Assembly-CSharp\SkidEffect.cs,2,0,710,500
Scripts\Assembly-CSharp\SlowdownEffect.cs,2,0,635,425
Scripts\Assembly-CSharp\SmashEffect.cs,2,0,629,419
Scripts\Assembly-CSharp\SoundLibrary.cs,15,0,4612,3104
Scripts\Assembly-CSharp\SoundPackageManager.cs,7,0,1875,1160
Scripts\Assembly-CSharp\SoundSequencer.cs,4,0,1480,1047
Scripts\Assembly-CSharp\SourceFactory.cs,2,0,685,489
Scripts\Assembly-CSharp\SpeedPoint.cs,5,0,1288,760
Scripts\Assembly-CSharp\SpendCoinsOverLifetimeAchievementListener.cs,2,0,687,471
Scripts\Assembly-CSharp\SpreadMineEffect.cs,2,0,706,496
Scripts\Assembly-CSharp\StreamedMultilayerTexture.cs,2,0,780,577
Scripts\Assembly-CSharp\StreamManager.cs,14,0,3735,2243
Scripts\Assembly-CSharp\TeleportEffect.cs,2,0,810,600
Scripts\Assembly-CSharp\TimeInAirAchievementListener.cs,2,0,677,461
Scripts\Assembly-CSharp\TrackSelectPublisher.cs,1,0,1056,959
Scripts\Assembly-CSharp\TrackUnlockHelper.cs,11,0,2650,1467
Scripts\Assembly-CSharp\TriFoot.cs,7,0,1806,1068
Scripts\Assembly-CSharp\TripLineEffect.cs,2,0,750,540
Scripts\Assembly-CSharp\TurkeyGooShooter.cs,1,0,475,367
Scripts\Assembly-CSharp\TutorialLauncherPublisher.cs,1,0,478,370
Scripts\Assembly-CSharp\UghHeldButton.cs,1,0,469,361
Scripts\Assembly-CSharp\UnlockAchievementListener.cs,3,0,923,599
Scripts\Assembly-CSharp\UnlockedCircuitPublisher.cs,3,0,1230,934
Scripts\Assembly-CSharp\UseAPowerupAchievementListener.cs,3,0,934,610
Scripts\Assembly-CSharp\UsePowerupAgainstOpponentAchievementListener.cs,3,0,912,588
Scripts\Assembly-CSharp\UsePowerupAIState.cs,1,0,735,637
Scripts\Assembly-CSharp\VolumeSlider.cs,1,0,631,524
Scripts\Assembly-CSharp\WaypointLogic.cs,9,0,2347,1403
Scripts\Assembly-CSharp\WhoopieCushion.cs,1,0,479,371
Scripts\Assembly-CSharp\WipeoutEffect.cs,2,0,786,576
Scripts\Assembly-UnityScript\Car_Script.cs,1,0,1027,924
Scripts\Assembly-UnityScript\Properties\AssemblyInfo.cs,0,0,130,104
