"Rel","Classes","PublicFields"
"Assembly-CSharp\AchievementCategoryPublisher.cs","1","0"
"Assembly-CSharp\AchievementListener.cs","4","9"
"Assembly-CSharp\AchievementManager.cs","1","10"
"Assembly-CSharp\AchievementPanelPublisher.cs","1","1"
"Assembly-CSharp\AchievementUI.cs","1","4"
"Assembly-CSharp\AchievementWindowPublisher.cs","1","0"
"Assembly-CSharp\ActiveObjectListSwtich.cs","1","3"
"Assembly-CSharp\AgeGatePopup.cs","2","2"
"Assembly-CSharp\AlternateForm.cs","3","3"
"Assembly-CSharp\AnimatedTexture.cs","1","4"
"Assembly-CSharp\AnimationDriver.cs","1","3"
"Assembly-CSharp\AnimationTire.cs","1","1"
"Assembly-CSharp\ApplyEffectDebugUtility.cs","1","5"
"Assembly-CSharp\AutoDestructParticleSystem.cs","1","0"
"Assembly-CSharp\BarrelLauncher.cs","1","4"
"Assembly-CSharp\BarrelSpawner.cs","1","2"
"Assembly-CSharp\BaseCarAIState.cs","1","1"
"Assembly-CSharp\BaseEffect.cs","2","4"
"Assembly-CSharp\BaseMission.cs","1","9"
"Assembly-CSharp\BasePickup.cs","1","2"
"Assembly-CSharp\BasketBall.cs","1","0"
"Assembly-CSharp\BillboardRemover.cs","1","1"
"Assembly-CSharp\BlipTrackPublisher.cs","1","2"
"Assembly-CSharp\BoatAnchorEffect.cs","1","1"
"Assembly-CSharp\BoosterEffect.cs","1","0"
"Assembly-CSharp\BoosterPickup.cs","1","0"
"Assembly-CSharp\BrakeMission.cs","1","0"
"Assembly-CSharp\BreakableObject.cs","1","1"
"Assembly-CSharp\BubbleJet.cs","1","1"
"Assembly-CSharp\BuyPowerupMission.cs","1","0"
"Assembly-CSharp\CameraShake.cs","1","2"
"Assembly-CSharp\CameraWobble.cs","1","0"
"Assembly-CSharp\CarAI.cs","3","4"
"Assembly-CSharp\CarAIPath.cs","2","4"
"Assembly-CSharp\CarAIPathManager.cs","1","0"
"Assembly-CSharp\CarAIPathRecorder.cs","1","0"
"Assembly-CSharp\CarAIPersonality.cs","2","5"
"Assembly-CSharp\CarCollider.cs","2","8"
"Assembly-CSharp\CarMetrics.cs","1","6"
"Assembly-CSharp\CarProgress.cs","1","7"
"Assembly-CSharp\CarSnapShot.cs","1","10"
"Assembly-CSharp\CartAttributes.cs","1","15"
"Assembly-CSharp\CartCustomizerPublisher.cs","1","5"
"Assembly-CSharp\CartPart.cs","1","8"
"Assembly-CSharp\CartPartList.cs","1","3"
"Assembly-CSharp\CartPrimaryTextureProfile.cs","1","0"
"Assembly-CSharp\CartSlot.cs","2","8"
"Assembly-CSharp\CatchupNotify.cs","1","0"
"Assembly-CSharp\CausticsManager.cs","1","1"
"Assembly-CSharp\CharacterButtonPublisher.cs","1","1"
"Assembly-CSharp\CharacterConfigData.cs","2","8"
"Assembly-CSharp\CharacterPreview.cs","2","6"
"Assembly-CSharp\CharacterSelectPublisher.cs","2","7"
"Assembly-CSharp\CharacterVOController.cs","1","3"
"Assembly-CSharp\CharacterVOControllerGameObjectExtender.cs","1","0"
"Assembly-CSharp\CheckPowerupUseAchievementListener.cs","1","2"
"Assembly-CSharp\ClipReference.cs","1","2"
"Assembly-CSharp\CloudSaveData.cs","1","8"
"Assembly-CSharp\CloudStrap.cs","1","0"
"Assembly-CSharp\Coin.cs","1","2"
"Assembly-CSharp\CoinBalanceAchievementListener.cs","1","1"
"Assembly-CSharp\CoinPoint.cs","2","6"
"Assembly-CSharp\CollectPowerupMission.cs","1","0"
"Assembly-CSharp\CombinePowerupMission.cs","1","0"
"Assembly-CSharp\CompleteAllMissionsAchievementListener.cs","1","0"
"Assembly-CSharp\CompositeProfile.cs","3","7"
"Assembly-CSharp\CompositeTextureUtil.cs","2","1"
"Assembly-CSharp\ConfirmationPublisher.cs","1","1"
"Assembly-CSharp\Crab.cs","1","4"
"Assembly-CSharp\CreditsPublisher.cs","1","0"
"Assembly-CSharp\CrossFinishLineBackwardsAchievementListener.cs","1","0"
"Assembly-CSharp\DailyBonusPublisher.cs","1","0"
"Assembly-CSharp\DataUtility.cs","1","8"
"Assembly-CSharp\DebugLapButtonPublisher.cs","1","0"
"Assembly-CSharp\DebugMoreCoinsPublisher.cs","1","4"
"Assembly-CSharp\DebugRaceResultPublisher.cs","1","1"
"Assembly-CSharp\DebugRewindDialogPublisher.cs","1","1"
"Assembly-CSharp\DebugTrackStrapper.cs","1","2"
"Assembly-CSharp\DifficultyMenuPublisher.cs","1","4"
"Assembly-CSharp\DriftButton.cs","1","0"
"Assembly-CSharp\DriftMission.cs","1","1"
"Assembly-CSharp\DriftScalePublisher.cs","1","0"
"Assembly-CSharp\DriveAvoidTerrainAIState.cs","1","2"
"Assembly-CSharp\DriveHitBeneficialAIState.cs","1","3"
"Assembly-CSharp\DrivePickupAIState.cs","1","2"
"Assembly-CSharp\DriveWaypointsCarAIState.cs","1","2"
"Assembly-CSharp\EffectManager.cs","1","6"
"Assembly-CSharp\EnsureGlobals.cs","1","1"
"Assembly-CSharp\EquipPaintJobAchievementListener.cs","1","1"
"Assembly-CSharp\EquipPartSetAchievementListener.cs","1","1"
"Assembly-CSharp\ExplodingBarrel.cs","1","2"
"Assembly-CSharp\Explosion.cs","1","0"
"Assembly-CSharp\FadeHelper.cs","1","0"
"Assembly-CSharp\FinishTheLapMission.cs","1","0"
"Assembly-CSharp\FirstPlaceAchievementListener.cs","1","2"
"Assembly-CSharp\FlipEffect.cs","1","0"
"Assembly-CSharp\FollowCamera.cs","1","9"
"Assembly-CSharp\ForwardForceAI.cs","1","3"
"Assembly-CSharp\FrontEndCamera.cs","1","2"
"Assembly-CSharp\FrontEndCameraTarget.cs","1","0"
"Assembly-CSharp\FrontEndLogic.cs","2","13"
"Assembly-CSharp\FrontEndTutorialHandler.cs","2","9"
"Assembly-CSharp\FrontEndTutorialPublisher.cs","1","2"
"Assembly-CSharp\GDMOManager.cs","1","0"
"Assembly-CSharp\GenericPopupPublisher.cs","1","0"
"Assembly-CSharp\GetHitByTrackHazardAchievementListener.cs","1","3"
"Assembly-CSharp\GimpedCarAI.cs","1","1"
"Assembly-CSharp\GuidedJumpEffect.cs","1","0"
"Assembly-CSharp\GuidedJumpTrigger.cs","1","2"
"Assembly-CSharp\HitMaxSpeedAchievementListener.cs","1","1"
"Assembly-CSharp\HUDLogic.cs","3","19"
"Assembly-CSharp\InputBlocker.cs","1","0"
"Assembly-CSharp\InRaceAquirePickupListener.cs","1","3"
"Assembly-CSharp\LaserLogic.cs","1","0"
"Assembly-CSharp\LastPlaceAchievementListener.cs","1","1"
"Assembly-CSharp\LifetimeInAirAchievementListener.cs","1","1"
"Assembly-CSharp\LifetimeMetrics.cs","1","0"
"Assembly-CSharp\LifetimeOpponentHitsAchievementListener.cs","1","2"
"Assembly-CSharp\LifetimePowerupCollectionAchievementListener.cs","1","2"
"Assembly-CSharp\LiftControlAI.cs","1","0"
"Assembly-CSharp\LoadingPublisher.cs","1","0"
"Assembly-CSharp\LoadSpin.cs","1","0"
"Assembly-CSharp\LocalizeCloudStrap.cs","1","1"
"Assembly-CSharp\LocalizedAssetSwapper.cs","1","2"
"Assembly-CSharp\LocalOptionsData.cs","1","6"
"Assembly-CSharp\LowEndInhibitor.cs","1","2"
"Assembly-CSharp\MakePlaceAchievementListener.cs","1","3"
"Assembly-CSharp\MaxCrashSpeedAchievementListener.cs","1","1"
"Assembly-CSharp\MetaMissionGroupAchievementListener.cs","1","1"
"Assembly-CSharp\MineAI.cs","1","3"
"Assembly-CSharp\MineEffect.cs","1","0"
"Assembly-CSharp\MineNotifyPublisher.cs","1","0"
"Assembly-CSharp\MinePickup.cs","1","0"
"Assembly-CSharp\MineSpreaderAI.cs","1","3"
"Assembly-CSharp\MissionCollection.cs","1","1"
"Assembly-CSharp\MissionDialogPublisher.cs","1","1"
"Assembly-CSharp\MissionManager.cs","1","3"
"Assembly-CSharp\MoreDisneyLogic.cs","1","0"
"Assembly-CSharp\MultilayerTexture.cs","2","4"
"Assembly-CSharp\MusicPlayer.cs","1","0"
"Assembly-CSharp\ObjectGroupList.cs","1","2"
"Assembly-CSharp\ObjectTrackDistanceLogic.cs","1","1"
"Assembly-CSharp\PaintJob.cs","1","4"
"Assembly-CSharp\PaintSlotPublisher.cs","2","0"
"Assembly-CSharp\ParticleLibrary.cs","2","3"
"Assembly-CSharp\ParticleReducer.cs","2","4"
"Assembly-CSharp\ParticleSystemDestroy.cs","1","0"
"Assembly-CSharp\PathMoverAI.cs","1","2"
"Assembly-CSharp\PauseMission.cs","1","0"
"Assembly-CSharp\PausePublisher.cs","1","0"
"Assembly-CSharp\PickupCoinsPerRaceAchievementListener.cs","1","1"
"Assembly-CSharp\PickupSpawner.cs","1","3"
"Assembly-CSharp\PieAttack.cs","1","2"
"Assembly-CSharp\PieHitEffect.cs","2","0"
"Assembly-CSharp\PieLauncher.cs","1","5"
"Assembly-CSharp\PieSplat.cs","1","3"
"Assembly-CSharp\PlaceWithNoPowerupsAchievementListener.cs","1","3"
"Assembly-CSharp\PlayerAccelControl.cs","1","1"
"Assembly-CSharp\PlayerControlLinker.cs","1","0"
"Assembly-CSharp\PlayerInstance.cs","1","1"
"Assembly-CSharp\PlayerKeyboardControl.cs","3","3"
"Assembly-CSharp\PlayMenuPublisher.cs","1","1"
"Assembly-CSharp\PlaySummaryPublisher.cs","1","2"
"Assembly-CSharp\PopoverPublisher.cs","1","0"
"Assembly-CSharp\PowerSlideBoostAchievementListener.cs","1","1"
"Assembly-CSharp\PowerupHitInAirAchievementListener.cs","1","1"
"Assembly-CSharp\PowerupHolder.cs","1","2"
"Assembly-CSharp\PowerupMagnet.cs","1","4"
"Assembly-CSharp\PreFrontEndHoop.cs","1","0"
"Assembly-CSharp\PreRaceCamera.cs","1","4"
"Assembly-CSharp\PreviewCart.cs","3","15"
"Assembly-CSharp\ProgressTriggerLogic.cs","1","3"
"Assembly-CSharp\PyroTechnics.cs","1","1"
"Assembly-CSharp\QualityControl.cs","1","0"
"Assembly-CSharp\RaceManager.cs","3","7"
"Assembly-CSharp\RaceResults.cs","1","5"
"Assembly-CSharp\RaceResultsPublisher.cs","2","6"
"Assembly-CSharp\RaceSettings.cs","3","14"
"Assembly-CSharp\RandomShotEffect.cs","1","1"
"Assembly-CSharp\ResetTrigger.cs","1","2"
"Assembly-CSharp\ReverseButton.cs","1","0"
"Assembly-CSharp\RewbieShimmer.cs","1","0"
"Assembly-CSharp\RewindDialogPublisher.cs","1","2"
"Assembly-CSharp\RewindLapSlotPublisher.cs","1","1"
"Assembly-CSharp\RocketAI.cs","1","4"
"Assembly-CSharp\RocketEffect.cs","1","1"
"Assembly-CSharp\RocketPickup.cs","1","0"
"Assembly-CSharp\RocketRideEffect.cs","1","1"
"Assembly-CSharp\RocketRideRemover.cs","1","0"
"Assembly-CSharp\RotatorAI.cs","1","1"
"Assembly-CSharp\RuntimeEditorUtils.cs","1","0"
"Assembly-CSharp\ScreenFader.cs","1","1"
"Assembly-CSharp\ScreenTimeoutController.cs","1","0"
"Assembly-CSharp\SelectCircuitPublisher.cs","3","12"
"Assembly-CSharp\SettingsMenuPublisher.cs","1","2"
"Assembly-CSharp\ShadowBlob.cs","1","1"
"Assembly-CSharp\ShieldEffect.cs","1","0"
"Assembly-CSharp\ShieldPickup.cs","1","0"
"Assembly-CSharp\ShiftContentsOnButtonDown.cs","1","2"
"Assembly-CSharp\ShiftContentsOnToggleDown.cs","1","2"
"Assembly-CSharp\ShiftUIPublisher.cs","6","11"
"Assembly-CSharp\ShockedEffect.cs","1","1"
"Assembly-CSharp\ShotDroneAI.cs","1","2"
"Assembly-CSharp\SkidEffect.cs","1","0"
"Assembly-CSharp\SlowdownEffect.cs","1","0"
"Assembly-CSharp\SmashEffect.cs","1","0"
"Assembly-CSharp\SnapShotInfo.cs","1","2"
"Assembly-CSharp\SoundLibrary.cs","5","4"
"Assembly-CSharp\SoundLibraryAddendum.cs","1","1"
"Assembly-CSharp\SoundPackage.cs","1","1"
"Assembly-CSharp\SoundPackageLoadReference.cs","1","3"
"Assembly-CSharp\SoundPackageManager.cs","1","1"
"Assembly-CSharp\SoundPackageReference.cs","1","3"
"Assembly-CSharp\SoundSequencer.cs","1","3"
"Assembly-CSharp\SourceFactory.cs","1","1"
"Assembly-CSharp\SpeedPoint.cs","2","5"
"Assembly-CSharp\SpendCoinsOverLifetimeAchievementListener.cs","1","1"
"Assembly-CSharp\SphereMoverAI.cs","1","3"
"Assembly-CSharp\SphereMoverCollider.cs","1","0"
"Assembly-CSharp\SpreadMineEffect.cs","1","1"
"Assembly-CSharp\SpringConnection.cs","2","8"
"Assembly-CSharp\SpringTrigger.cs","1","1"
"Assembly-CSharp\StreamedMultilayerTexture.cs","2","7"
"Assembly-CSharp\StreamManager.cs","4","9"
"Assembly-CSharp\StreamTest.cs","1","0"
"Assembly-CSharp\TeleportEffect.cs","1","1"
"Assembly-CSharp\TeleportTrigger.cs","1","1"
"Assembly-CSharp\TerrainEffectTrigger.cs","1","5"
"Assembly-CSharp\TimeInAirAchievementListener.cs","1","1"
"Assembly-CSharp\TouchTurnTrack.cs","1","0"
"Assembly-CSharp\TrackSelectPublisher.cs","2","3"
"Assembly-CSharp\TrackUnlockHelper.cs","3","5"
"Assembly-CSharp\TriFoot.cs","1","3"
"Assembly-CSharp\TripLine.cs","1","0"
"Assembly-CSharp\TripLineEffect.cs","1","1"
"Assembly-CSharp\TurkeyGooShooter.cs","1","5"
"Assembly-CSharp\TurnMission.cs","1","0"
"Assembly-CSharp\TutorialLauncherPublisher.cs","1","1"
"Assembly-CSharp\UFOLogic.cs","1","5"
"Assembly-CSharp\UghHeldButton.cs","1","0"
"Assembly-CSharp\UnlockAchievementListener.cs","1","2"
"Assembly-CSharp\UnlockedCircuitPublisher.cs","2","5"
"Assembly-CSharp\UseAPowerupAchievementListener.cs","1","3"
"Assembly-CSharp\UsePowerupAgainstOpponentAchievementListener.cs","1","2"
"Assembly-CSharp\UsePowerupAIState.cs","1","3"
"Assembly-CSharp\UsePowerupMission.cs","1","0"
"Assembly-CSharp\UVScroller.cs","2","5"
"Assembly-CSharp\VolumeSlider.cs","1","2"
"Assembly-CSharp\WaypointLogic.cs","1","11"
"Assembly-CSharp\WhoopieCushion.cs","1","1"
"Assembly-CSharp\WipeoutEffect.cs","1","0"
"Assembly-CSharp\Properties\AssemblyInfo.cs","0","0"
"Assembly-UnityScript\Car_Script.cs","1","19"
"Assembly-UnityScript\Plane_Script.cs","1","9"
"Assembly-UnityScript\WheelData.cs","1","8"
"Assembly-UnityScript\Properties\AssemblyInfo.cs","0","0"
