"Scene","Size"
"Assets\Scenes\CloudStrap.unity","21609"
"Assets\Scenes\MoreDisney.unity","11844"
"Assets\Scenes\PreFrontEnd.unity","9428"
"Assets\Scenes\Front End\FrontEndTest.unity","120044"
"Assets\Scenes\Front End\Loading.unity","88242"
"Assets\Scenes\Front End\RaceResults.unity","205442"
"Assets\Scenes\Test Scenes\Pranksgiving Test.unity","6572289"
"Assets\Scenes\Tracks\Fish Hooks Track 1.unity","3718767"
"Assets\Scenes\Tracks\Fish Hooks Track 2.unity","5101589"
"Assets\Scenes\Tracks\Fish Hooks Track 3.unity","4009940"
"Assets\Scenes\Tracks\Kick Butt Track 1.unity","2617378"
"Assets\Scenes\Tracks\Kick Butt Track 2.unity","3963340"
"Assets\Scenes\Tracks\Kick Butt Track 3.unity","3760622"
"Assets\Scenes\Tracks\Phineas Track 1.unity","4631000"
"Assets\Scenes\Tracks\Phineas Track 2.unity","5128932"
"Assets\Scenes\Tracks\Phineas Track 3.unity","7635146"
"Assets\Scenes\Tracks\Tutorial Track.unity","2629012"
