"Assembly","RelativePath","Lines","Size"
"Assembly-CSharp","Assembly-CSharp\AchievementCategoryPublisher.cs","18","268"
"Assembly-CSharp","Assembly-CSharp\AchievementListener.cs","66","1704"
"Assembly-CSharp","Assembly-CSharp\AchievementManager.cs","64","1653"
"Assembly-CSharp","Assembly-CSharp\AchievementPanelPublisher.cs","19","424"
"Assembly-CSharp","Assembly-CSharp\AchievementUI.cs","50","1589"
"Assembly-CSharp","Assembly-CSharp\AchievementWindowPublisher.cs","33","847"
"Assembly-CSharp","Assembly-CSharp\ActiveObjectListSwtich.cs","16","314"
"Assembly-CSharp","Assembly-CSharp\AgeGatePopup.cs","47","1067"
"Assembly-CSharp","Assembly-CSharp\AlternateForm.cs","30","847"
"Assembly-CSharp","Assembly-CSharp\AnimatedTexture.cs","22","519"
"Assembly-CSharp","Assembly-CSharp\AnimationDriver.cs","40","1076"
"Assembly-CSharp","Assembly-CSharp\AnimationTire.cs","14","259"
"Assembly-CSharp","Assembly-CSharp\ApplyEffectDebugUtility.cs","12","264"
"Assembly-CSharp","Assembly-CSharp\AutoDestructParticleSystem.cs","13","188"
"Assembly-CSharp","Assembly-CSharp\BarrelLauncher.cs","21","520"
"Assembly-CSharp","Assembly-CSharp\BarrelSpawner.cs","28","639"
"Assembly-CSharp","Assembly-CSharp\BaseCarAIState.cs","9","267"
"Assembly-CSharp","Assembly-CSharp\BaseEffect.cs","108","2929"
"Assembly-CSharp","Assembly-CSharp\BaseMission.cs","34","1359"
"Assembly-CSharp","Assembly-CSharp\BasePickup.cs","18","419"
"Assembly-CSharp","Assembly-CSharp\BasketBall.cs","16","292"
"Assembly-CSharp","Assembly-CSharp\BillboardRemover.cs","18","430"
"Assembly-CSharp","Assembly-CSharp\BlipTrackPublisher.cs","20","456"
"Assembly-CSharp","Assembly-CSharp\BoatAnchorEffect.cs","30","811"
"Assembly-CSharp","Assembly-CSharp\BoosterEffect.cs","25","665"
"Assembly-CSharp","Assembly-CSharp\BoosterPickup.cs","10","361"
"Assembly-CSharp","Assembly-CSharp\BrakeMission.cs","19","331"
"Assembly-CSharp","Assembly-CSharp\BreakableObject.cs","14","219"
"Assembly-CSharp","Assembly-CSharp\BubbleJet.cs","15","259"
"Assembly-CSharp","Assembly-CSharp\BuyPowerupMission.cs","21","333"
"Assembly-CSharp","Assembly-CSharp\CameraShake.cs","43","930"
"Assembly-CSharp","Assembly-CSharp\CameraWobble.cs","7","103"
"Assembly-CSharp","Assembly-CSharp\CarAI.cs","83","2528"
"Assembly-CSharp","Assembly-CSharp\CarAIPath.cs","18","424"
"Assembly-CSharp","Assembly-CSharp\CarAIPathManager.cs","38","1141"
"Assembly-CSharp","Assembly-CSharp\CarAIPathRecorder.cs","26","579"
"Assembly-CSharp","Assembly-CSharp\CarAIPersonality.cs","25","583"
"Assembly-CSharp","Assembly-CSharp\CarCollider.cs","228","6039"
"Assembly-CSharp","Assembly-CSharp\CarMetrics.cs","40","1044"
"Assembly-CSharp","Assembly-CSharp\CarProgress.cs","17","472"
"Assembly-CSharp","Assembly-CSharp\CarSnapShot.cs","21","529"
"Assembly-CSharp","Assembly-CSharp\CartAttributes.cs","74","2901"
"Assembly-CSharp","Assembly-CSharp\CartCustomizerPublisher.cs","207","5122"
"Assembly-CSharp","Assembly-CSharp\CartPart.cs","37","1170"
"Assembly-CSharp","Assembly-CSharp\CartPartList.cs","80","3243"
"Assembly-CSharp","Assembly-CSharp\CartPrimaryTextureProfile.cs","16","421"
"Assembly-CSharp","Assembly-CSharp\CartSlot.cs","67","2104"
"Assembly-CSharp","Assembly-CSharp\CatchupNotify.cs","14","354"
"Assembly-CSharp","Assembly-CSharp\CausticsManager.cs","16","425"
"Assembly-CSharp","Assembly-CSharp\CharacterButtonPublisher.cs","7","131"
"Assembly-CSharp","Assembly-CSharp\CharacterConfigData.cs","65","1960"
"Assembly-CSharp","Assembly-CSharp\CharacterPreview.cs","42","853"
"Assembly-CSharp","Assembly-CSharp\CharacterSelectPublisher.cs","73","1751"
"Assembly-CSharp","Assembly-CSharp\CharacterVOController.cs","28","795"
"Assembly-CSharp","Assembly-CSharp\CharacterVOControllerGameObjectExtender.cs","8","304"
"Assembly-CSharp","Assembly-CSharp\CheckPowerupUseAchievementListener.cs","35","965"
"Assembly-CSharp","Assembly-CSharp\ClipReference.cs","8","136"
"Assembly-CSharp","Assembly-CSharp\CloudSaveData.cs","19","591"
"Assembly-CSharp","Assembly-CSharp\CloudStrap.cs","10","146"
"Assembly-CSharp","Assembly-CSharp\Coin.cs","13","274"
"Assembly-CSharp","Assembly-CSharp\CoinBalanceAchievementListener.cs","27","705"
"Assembly-CSharp","Assembly-CSharp\CoinPoint.cs","45","1027"
"Assembly-CSharp","Assembly-CSharp\CollectPowerupMission.cs","19","340"
"Assembly-CSharp","Assembly-CSharp\CombinePowerupMission.cs","21","337"
"Assembly-CSharp","Assembly-CSharp\CompleteAllMissionsAchievementListener.cs","26","689"
"Assembly-CSharp","Assembly-CSharp\CompositeProfile.cs","27","740"
"Assembly-CSharp","Assembly-CSharp\CompositeTextureUtil.cs","39","1844"
"Assembly-CSharp","Assembly-CSharp\ConfirmationPublisher.cs","30","706"
"Assembly-CSharp","Assembly-CSharp\Crab.cs","35","816"
"Assembly-CSharp","Assembly-CSharp\CreditsPublisher.cs","24","355"
"Assembly-CSharp","Assembly-CSharp\CrossFinishLineBackwardsAchievementListener.cs","19","426"
"Assembly-CSharp","Assembly-CSharp\DailyBonusPublisher.cs","19","411"
"Assembly-CSharp","Assembly-CSharp\DataUtility.cs","190","4971"
"Assembly-CSharp","Assembly-CSharp\DebugLapButtonPublisher.cs","12","167"
"Assembly-CSharp","Assembly-CSharp\DebugMoreCoinsPublisher.cs","40","1022"
"Assembly-CSharp","Assembly-CSharp\DebugRaceResultPublisher.cs","14","252"
"Assembly-CSharp","Assembly-CSharp\DebugRewindDialogPublisher.cs","17","308"
"Assembly-CSharp","Assembly-CSharp\DebugTrackStrapper.cs","9","180"
"Assembly-CSharp","Assembly-CSharp\DifficultyMenuPublisher.cs","28","777"
"Assembly-CSharp","Assembly-CSharp\DriftButton.cs","15","236"
"Assembly-CSharp","Assembly-CSharp\DriftMission.cs","20","356"
"Assembly-CSharp","Assembly-CSharp\DriftScalePublisher.cs","29","835"
"Assembly-CSharp","Assembly-CSharp\DriveAvoidTerrainAIState.cs","23","560"
"Assembly-CSharp","Assembly-CSharp\DriveHitBeneficialAIState.cs","23","555"
"Assembly-CSharp","Assembly-CSharp\DrivePickupAIState.cs","22","518"
"Assembly-CSharp","Assembly-CSharp\DriveWaypointsCarAIState.cs","23","553"
"Assembly-CSharp","Assembly-CSharp\EffectManager.cs","64","2138"
"Assembly-CSharp","Assembly-CSharp\EnsureGlobals.cs","8","140"
"Assembly-CSharp","Assembly-CSharp\EquipPaintJobAchievementListener.cs","30","739"
"Assembly-CSharp","Assembly-CSharp\EquipPartSetAchievementListener.cs","27","700"
"Assembly-CSharp","Assembly-CSharp\ExplodingBarrel.cs","32","818"
"Assembly-CSharp","Assembly-CSharp\Explosion.cs","17","388"
"Assembly-CSharp","Assembly-CSharp\FadeHelper.cs","61","2027"
"Assembly-CSharp","Assembly-CSharp\FinishTheLapMission.cs","18","302"
"Assembly-CSharp","Assembly-CSharp\FirstPlaceAchievementListener.cs","21","492"
"Assembly-CSharp","Assembly-CSharp\FlipEffect.cs","30","813"
"Assembly-CSharp","Assembly-CSharp\FollowCamera.cs","38","844"
"Assembly-CSharp","Assembly-CSharp\ForwardForceAI.cs","13","222"
"Assembly-CSharp","Assembly-CSharp\FrontEndCamera.cs","37","958"
"Assembly-CSharp","Assembly-CSharp\FrontEndCameraTarget.cs","7","117"
"Assembly-CSharp","Assembly-CSharp\FrontEndLogic.cs","83","2270"
"Assembly-CSharp","Assembly-CSharp\FrontEndTutorialHandler.cs","49","1150"
"Assembly-CSharp","Assembly-CSharp\FrontEndTutorialPublisher.cs","62","1542"
"Assembly-CSharp","Assembly-CSharp\GDMOManager.cs","26","571"
"Assembly-CSharp","Assembly-CSharp\GenericPopupPublisher.cs","22","463"
"Assembly-CSharp","Assembly-CSharp\GetHitByTrackHazardAchievementListener.cs","36","993"
"Assembly-CSharp","Assembly-CSharp\GimpedCarAI.cs","99","2552"
"Assembly-CSharp","Assembly-CSharp\GuidedJumpEffect.cs","34","968"
"Assembly-CSharp","Assembly-CSharp\GuidedJumpTrigger.cs","12","241"
"Assembly-CSharp","Assembly-CSharp\HitMaxSpeedAchievementListener.cs","27","708"
"Assembly-CSharp","Assembly-CSharp\HUDLogic.cs","186","5556"
"Assembly-CSharp","Assembly-CSharp\InputBlocker.cs","19","549"
"Assembly-CSharp","Assembly-CSharp\InRaceAquirePickupListener.cs","36","972"
"Assembly-CSharp","Assembly-CSharp\LaserLogic.cs","21","414"
"Assembly-CSharp","Assembly-CSharp\LastPlaceAchievementListener.cs","23","485"
"Assembly-CSharp","Assembly-CSharp\LifetimeInAirAchievementListener.cs","27","715"
"Assembly-CSharp","Assembly-CSharp\LifetimeMetrics.cs","34","792"
"Assembly-CSharp","Assembly-CSharp\LifetimeOpponentHitsAchievementListener.cs","35","953"
"Assembly-CSharp","Assembly-CSharp\LifetimePowerupCollectionAchievementListener.cs","35","945"
"Assembly-CSharp","Assembly-CSharp\LiftControlAI.cs","17","340"
"Assembly-CSharp","Assembly-CSharp\LoadingPublisher.cs","50","1655"
"Assembly-CSharp","Assembly-CSharp\LoadSpin.cs","22","612"
"Assembly-CSharp","Assembly-CSharp\LocalizeCloudStrap.cs","14","218"
"Assembly-CSharp","Assembly-CSharp\LocalizedAssetSwapper.cs","15","479"
"Assembly-CSharp","Assembly-CSharp\LocalOptionsData.cs","19","490"
"Assembly-CSharp","Assembly-CSharp\LowEndInhibitor.cs","9","190"
"Assembly-CSharp","Assembly-CSharp\MakePlaceAchievementListener.cs","22","537"
"Assembly-CSharp","Assembly-CSharp\MaxCrashSpeedAchievementListener.cs","27","715"
"Assembly-CSharp","Assembly-CSharp\MetaMissionGroupAchievementListener.cs","27","742"
"Assembly-CSharp","Assembly-CSharp\MineAI.cs","43","1025"
"Assembly-CSharp","Assembly-CSharp\MineEffect.cs","27","721"
"Assembly-CSharp","Assembly-CSharp\MineNotifyPublisher.cs","27","816"
"Assembly-CSharp","Assembly-CSharp\MinePickup.cs","9","314"
"Assembly-CSharp","Assembly-CSharp\MineSpreaderAI.cs","29","524"
"Assembly-CSharp","Assembly-CSharp\MissionCollection.cs","44","1395"
"Assembly-CSharp","Assembly-CSharp\MissionDialogPublisher.cs","24","426"
"Assembly-CSharp","Assembly-CSharp\MissionManager.cs","58","1686"
"Assembly-CSharp","Assembly-CSharp\MoreDisneyLogic.cs","14","360"
"Assembly-CSharp","Assembly-CSharp\MultilayerTexture.cs","28","760"
"Assembly-CSharp","Assembly-CSharp\MusicPlayer.cs","52","1176"
"Assembly-CSharp","Assembly-CSharp\ObjectGroupList.cs","21","443"
"Assembly-CSharp","Assembly-CSharp\ObjectTrackDistanceLogic.cs","20","303"
"Assembly-CSharp","Assembly-CSharp\PaintJob.cs","12","378"
"Assembly-CSharp","Assembly-CSharp\PaintSlotPublisher.cs","26","447"
"Assembly-CSharp","Assembly-CSharp\ParticleLibrary.cs","34","817"
"Assembly-CSharp","Assembly-CSharp\ParticleReducer.cs","16","326"
"Assembly-CSharp","Assembly-CSharp\ParticleSystemDestroy.cs","11","324"
"Assembly-CSharp","Assembly-CSharp\PathMoverAI.cs","23","621"
"Assembly-CSharp","Assembly-CSharp\PauseMission.cs","18","295"
"Assembly-CSharp","Assembly-CSharp\PausePublisher.cs","21","301"
"Assembly-CSharp","Assembly-CSharp\PickupCoinsPerRaceAchievementListener.cs","34","914"
"Assembly-CSharp","Assembly-CSharp\PickupSpawner.cs","29","681"
"Assembly-CSharp","Assembly-CSharp\PieAttack.cs","35","855"
"Assembly-CSharp","Assembly-CSharp\PieHitEffect.cs","30","758"
"Assembly-CSharp","Assembly-CSharp\PieLauncher.cs","24","716"
"Assembly-CSharp","Assembly-CSharp\PieSplat.cs","14","409"
"Assembly-CSharp","Assembly-CSharp\PlaceWithNoPowerupsAchievementListener.cs","29","740"
"Assembly-CSharp","Assembly-CSharp\PlayerAccelControl.cs","31","627"
"Assembly-CSharp","Assembly-CSharp\PlayerControlLinker.cs","7","109"
"Assembly-CSharp","Assembly-CSharp\PlayerInstance.cs","49","1369"
"Assembly-CSharp","Assembly-CSharp\PlayerKeyboardControl.cs","47","1258"
"Assembly-CSharp","Assembly-CSharp\PlayMenuPublisher.cs","33","638"
"Assembly-CSharp","Assembly-CSharp\PlaySummaryPublisher.cs","43","901"
"Assembly-CSharp","Assembly-CSharp\PopoverPublisher.cs","20","367"
"Assembly-CSharp","Assembly-CSharp\PowerSlideBoostAchievementListener.cs","35","940"
"Assembly-CSharp","Assembly-CSharp\PowerupHitInAirAchievementListener.cs","34","908"
"Assembly-CSharp","Assembly-CSharp\PowerupHolder.cs","57","1634"
"Assembly-CSharp","Assembly-CSharp\PowerupMagnet.cs","40","1039"
"Assembly-CSharp","Assembly-CSharp\PreFrontEndHoop.cs","11","318"
"Assembly-CSharp","Assembly-CSharp\PreRaceCamera.cs","35","653"
"Assembly-CSharp","Assembly-CSharp\PreviewCart.cs","139","4016"
"Assembly-CSharp","Assembly-CSharp\ProgressTriggerLogic.cs","14","428"
"Assembly-CSharp","Assembly-CSharp\PyroTechnics.cs","14","226"
"Assembly-CSharp","Assembly-CSharp\QualityControl.cs","48","1271"
"Assembly-CSharp","Assembly-CSharp\RaceManager.cs","242","7863"
"Assembly-CSharp","Assembly-CSharp\RaceResults.cs","9","247"
"Assembly-CSharp","Assembly-CSharp\RaceResultsPublisher.cs","61","1831"
"Assembly-CSharp","Assembly-CSharp\RaceSettings.cs","75","1977"
"Assembly-CSharp","Assembly-CSharp\RandomShotEffect.cs","33","815"
"Assembly-CSharp","Assembly-CSharp\ResetTrigger.cs","9","184"
"Assembly-CSharp","Assembly-CSharp\ReverseButton.cs","15","240"
"Assembly-CSharp","Assembly-CSharp\RewbieShimmer.cs","16","413"
"Assembly-CSharp","Assembly-CSharp\RewindDialogPublisher.cs","38","937"
"Assembly-CSharp","Assembly-CSharp\RewindLapSlotPublisher.cs","7","120"
"Assembly-CSharp","Assembly-CSharp\RocketAI.cs","53","1215"
"Assembly-CSharp","Assembly-CSharp\RocketEffect.cs","35","991"
"Assembly-CSharp","Assembly-CSharp\RocketPickup.cs","9","318"
"Assembly-CSharp","Assembly-CSharp\RocketRideEffect.cs","37","966"
"Assembly-CSharp","Assembly-CSharp\RocketRideRemover.cs","13","197"
"Assembly-CSharp","Assembly-CSharp\RotatorAI.cs","16","421"
"Assembly-CSharp","Assembly-CSharp\RuntimeEditorUtils.cs","4","77"
"Assembly-CSharp","Assembly-CSharp\ScreenFader.cs","55","1304"
"Assembly-CSharp","Assembly-CSharp\ScreenTimeoutController.cs","17","293"
"Assembly-CSharp","Assembly-CSharp\SelectCircuitPublisher.cs","80","2101"
"Assembly-CSharp","Assembly-CSharp\SettingsMenuPublisher.cs","52","1022"
"Assembly-CSharp","Assembly-CSharp\ShadowBlob.cs","28","592"
"Assembly-CSharp","Assembly-CSharp\ShieldEffect.cs","34","914"
"Assembly-CSharp","Assembly-CSharp\ShieldPickup.cs","9","318"
"Assembly-CSharp","Assembly-CSharp\ShiftContentsOnButtonDown.cs","15","294"
"Assembly-CSharp","Assembly-CSharp\ShiftContentsOnToggleDown.cs","15","294"
"Assembly-CSharp","Assembly-CSharp\ShiftUIPublisher.cs","125","2767"
"Assembly-CSharp","Assembly-CSharp\ShockedEffect.cs","26","701"
"Assembly-CSharp","Assembly-CSharp\ShotDroneAI.cs","26","544"
"Assembly-CSharp","Assembly-CSharp\SkidEffect.cs","27","746"
"Assembly-CSharp","Assembly-CSharp\SlowdownEffect.cs","25","667"
"Assembly-CSharp","Assembly-CSharp\SmashEffect.cs","25","661"
"Assembly-CSharp","Assembly-CSharp\SnapShotInfo.cs","12","226"
"Assembly-CSharp","Assembly-CSharp\SoundLibrary.cs","170","4823"
"Assembly-CSharp","Assembly-CSharp\SoundLibraryAddendum.cs","14","247"
"Assembly-CSharp","Assembly-CSharp\SoundPackage.cs","5","106"
"Assembly-CSharp","Assembly-CSharp\SoundPackageLoadReference.cs","6","153"
"Assembly-CSharp","Assembly-CSharp\SoundPackageManager.cs","53","1941"
"Assembly-CSharp","Assembly-CSharp\SoundPackageReference.cs","8","155"
"Assembly-CSharp","Assembly-CSharp\SoundSequencer.cs","64","1563"
"Assembly-CSharp","Assembly-CSharp\SourceFactory.cs","27","720"
"Assembly-CSharp","Assembly-CSharp\SpeedPoint.cs","37","1336"
"Assembly-CSharp","Assembly-CSharp\SpendCoinsOverLifetimeAchievementListener.cs","27","721"
"Assembly-CSharp","Assembly-CSharp\SphereMoverAI.cs","32","592"
"Assembly-CSharp","Assembly-CSharp\SphereMoverCollider.cs","13","199"
"Assembly-CSharp","Assembly-CSharp\SpreadMineEffect.cs","31","746"
"Assembly-CSharp","Assembly-CSharp\SpringConnection.cs","27","583"
"Assembly-CSharp","Assembly-CSharp\SpringTrigger.cs","11","198"
"Assembly-CSharp","Assembly-CSharp\StreamedMultilayerTexture.cs","32","824"
"Assembly-CSharp","Assembly-CSharp\StreamManager.cs","144","3904"
"Assembly-CSharp","Assembly-CSharp\StreamTest.cs","10","134"
"Assembly-CSharp","Assembly-CSharp\TeleportEffect.cs","30","852"
"Assembly-CSharp","Assembly-CSharp\TeleportTrigger.cs","11","197"
"Assembly-CSharp","Assembly-CSharp\TerrainEffectTrigger.cs","19","406"
"Assembly-CSharp","Assembly-CSharp\TimeInAirAchievementListener.cs","27","711"
"Assembly-CSharp","Assembly-CSharp\TouchTurnTrack.cs","3","47"
"Assembly-CSharp","Assembly-CSharp\TrackSelectPublisher.cs","53","1129"
"Assembly-CSharp","Assembly-CSharp\TrackUnlockHelper.cs","82","2752"
"Assembly-CSharp","Assembly-CSharp\TriFoot.cs","91","1914"
"Assembly-CSharp","Assembly-CSharp\TripLine.cs","13","188"
"Assembly-CSharp","Assembly-CSharp\TripLineEffect.cs","31","792"
"Assembly-CSharp","Assembly-CSharp\TurkeyGooShooter.cs","16","497"
"Assembly-CSharp","Assembly-CSharp\TurnMission.cs","18","294"
"Assembly-CSharp","Assembly-CSharp\TutorialLauncherPublisher.cs","24","508"
"Assembly-CSharp","Assembly-CSharp\UFOLogic.cs","46","1143"
"Assembly-CSharp","Assembly-CSharp\UghHeldButton.cs","29","504"
"Assembly-CSharp","Assembly-CSharp\UnlockAchievementListener.cs","36","969"
"Assembly-CSharp","Assembly-CSharp\UnlockedCircuitPublisher.cs","50","1294"
"Assembly-CSharp","Assembly-CSharp\UseAPowerupAchievementListener.cs","36","981"
"Assembly-CSharp","Assembly-CSharp\UsePowerupAgainstOpponentAchievementListener.cs","35","957"
"Assembly-CSharp","Assembly-CSharp\UsePowerupAIState.cs","32","778"
"Assembly-CSharp","Assembly-CSharp\UsePowerupMission.cs","18","300"
"Assembly-CSharp","Assembly-CSharp\UVScroller.cs","20","359"
"Assembly-CSharp","Assembly-CSharp\VolumeSlider.cs","36","679"
"Assembly-CSharp","Assembly-CSharp\WaypointLogic.cs","62","2431"
"Assembly-CSharp","Assembly-CSharp\WhoopieCushion.cs","21","505"
"Assembly-CSharp","Assembly-CSharp\WipeoutEffect.cs","30","828"
"Assembly-CSharp","Assembly-CSharp\Properties\AssemblyInfo.cs","3","108"
"Assembly-CSharp-firstpass","Assembly-CSharp-firstpass\AudioCrumb.cs","12","197"
"Assembly-CSharp-firstpass","Assembly-CSharp-firstpass\AudioManager.cs","32","712"
"Assembly-CSharp-firstpass","Assembly-CSharp-firstpass\AudioSourcex.cs","20","1032"
"Assembly-CSharp-firstpass","Assembly-CSharp-firstpass\BurstlyBinding.cs","50","1581"
"Assembly-CSharp-firstpass","Assembly-CSharp-firstpass\ByteStream.cs","53","982"
"Assembly-CSharp-firstpass","Assembly-CSharp-firstpass\Callback.cs","4","196"
"Assembly-CSharp-firstpass","Assembly-CSharp-firstpass\Dialog.cs","90","2090"
"Assembly-CSharp-firstpass","Assembly-CSharp-firstpass\DictionaryToString.cs","12","501"
"Assembly-CSharp-firstpass","Assembly-CSharp-firstpass\DrawArea.cs","24","591"
"Assembly-CSharp-firstpass","Assembly-CSharp-firstpass\DrawArea3D.cs","12","351"
"Assembly-CSharp-firstpass","Assembly-CSharp-firstpass\EdgePixels.cs","27","692"
"Assembly-CSharp-firstpass","Assembly-CSharp-firstpass\Email.cs","10","291"
"Assembly-CSharp-firstpass","Assembly-CSharp-firstpass\EnumerableScript.cs","23","637"
"Assembly-CSharp-firstpass","Assembly-CSharp-firstpass\ExternalPersistentArchive.cs","56","1447"
"Assembly-CSharp-firstpass","Assembly-CSharp-firstpass\FractalNoise.cs","34","1140"
"Assembly-CSharp-firstpass","Assembly-CSharp-firstpass\FractalNoiseParams.cs","12","249"
"Assembly-CSharp-firstpass","Assembly-CSharp-firstpass\GameCenterAchievement.cs","22","717"
"Assembly-CSharp-firstpass","Assembly-CSharp-firstpass\GameCenterAchievementMetadata.cs","22","754"
"Assembly-CSharp-firstpass","Assembly-CSharp-firstpass\GameCenterBinding.cs","124","5025"
"Assembly-CSharp-firstpass","Assembly-CSharp-firstpass\GameCenterEventListener.cs","80","1713"
"Assembly-CSharp-firstpass","Assembly-CSharp-firstpass\GameCenterGUIManager.cs","13","301"
"Assembly-CSharp-firstpass","Assembly-CSharp-firstpass\GameCenterLeaderboard.cs","17","600"
"Assembly-CSharp-firstpass","Assembly-CSharp-firstpass\GameCenterLeaderboardTimeScope.cs","6","77"
"Assembly-CSharp-firstpass","Assembly-CSharp-firstpass\GameCenterManager.cs","335","6064"
"Assembly-CSharp-firstpass","Assembly-CSharp-firstpass\GameCenterPlayer.cs","19","611"
"Assembly-CSharp-firstpass","Assembly-CSharp-firstpass\GameCenterScore.cs","26","780"
"Assembly-CSharp-firstpass","Assembly-CSharp-firstpass\GDMOBinding.cs","30","1039"
"Assembly-CSharp-firstpass","Assembly-CSharp-firstpass\GravCloudBinding.cs","31","1318"
"Assembly-CSharp-firstpass","Assembly-CSharp-firstpass\GravCloudPrefs.cs","121","3749"
"Assembly-CSharp-firstpass","Assembly-CSharp-firstpass\GUIx.cs","144","6061"
"Assembly-CSharp-firstpass","Assembly-CSharp-firstpass\iCloudBinding.cs","118","4883"
"Assembly-CSharp-firstpass","Assembly-CSharp-firstpass\iCloudEventListener.cs","21","425"
"Assembly-CSharp-firstpass","Assembly-CSharp-firstpass\iCloudGUIManager.cs","8","136"
"Assembly-CSharp-firstpass","Assembly-CSharp-firstpass\iCloudManager.cs","69","1512"
"Assembly-CSharp-firstpass","Assembly-CSharp-firstpass\Inputx.cs","20","761"
"Assembly-CSharp-firstpass","Assembly-CSharp-firstpass\JCloudData.cs","70","2683"
"Assembly-CSharp-firstpass","Assembly-CSharp-firstpass\JCloudDictionary.cs","70","2719"
"Assembly-CSharp-firstpass","Assembly-CSharp-firstpass\JCloudDocument.cs","78","3797"
"Assembly-CSharp-firstpass","Assembly-CSharp-firstpass\JCloudDocumentAsync.cs","154","8392"
"Assembly-CSharp-firstpass","Assembly-CSharp-firstpass\JCloudDocumentAsyncOperation.cs","8","216"
"Assembly-CSharp-firstpass","Assembly-CSharp-firstpass\JCloudExtern.cs","120","5660"
"Assembly-CSharp-firstpass","Assembly-CSharp-firstpass\JCloudManager.cs","68","2322"
"Assembly-CSharp-firstpass","Assembly-CSharp-firstpass\JCloudRoutine.cs","48","1227"
"Assembly-CSharp-firstpass","Assembly-CSharp-firstpass\JCloudRoutineReturn.cs","28","588"
"Assembly-CSharp-firstpass","Assembly-CSharp-firstpass\LanguageAsset.cs","9","184"
"Assembly-CSharp-firstpass","Assembly-CSharp-firstpass\LEDScroller.cs","159","3524"
"Assembly-CSharp-firstpass","Assembly-CSharp-firstpass\Localize.cs","58","1921"
"Assembly-CSharp-firstpass","Assembly-CSharp-firstpass\LocalizedString.cs","23","549"
"Assembly-CSharp-firstpass","Assembly-CSharp-firstpass\Mathfx.cs","47","2367"
"Assembly-CSharp-firstpass","Assembly-CSharp-firstpass\Matrix4x4x.cs","40","1881"
"Assembly-CSharp-firstpass","Assembly-CSharp-firstpass\Messenger.cs","66","1778"
"Assembly-CSharp-firstpass","Assembly-CSharp-firstpass\MessengerInternal.cs","35","998"
"Assembly-CSharp-firstpass","Assembly-CSharp-firstpass\MessengerMode.cs","5","74"
"Assembly-CSharp-firstpass","Assembly-CSharp-firstpass\MiniJSON.cs","102","4754"
"Assembly-CSharp-firstpass","Assembly-CSharp-firstpass\MiniJsonExtensions.cs","21","921"
"Assembly-CSharp-firstpass","Assembly-CSharp-firstpass\MoreGamesBinding.cs","25","715"
"Assembly-CSharp-firstpass","Assembly-CSharp-firstpass\P31CloudFile.cs","84","3460"
"Assembly-CSharp-firstpass","Assembly-CSharp-firstpass\P31Prefs.cs","69","2270"
"Assembly-CSharp-firstpass","Assembly-CSharp-firstpass\Perlin.cs","32","1425"
"Assembly-CSharp-firstpass","Assembly-CSharp-firstpass\PIDController.cs","22","648"
"Assembly-CSharp-firstpass","Assembly-CSharp-firstpass\PIDVectorController.cs","23","708"
"Assembly-CSharp-firstpass","Assembly-CSharp-firstpass\Quaternionx.cs","8","260"
"Assembly-CSharp-firstpass","Assembly-CSharp-firstpass\Rangef.cs","39","1079"
"Assembly-CSharp-firstpass","Assembly-CSharp-firstpass\Rectx.cs","24","1004"
"Assembly-CSharp-firstpass","Assembly-CSharp-firstpass\ResultLogger.cs","21","473"
"Assembly-CSharp-firstpass","Assembly-CSharp-firstpass\ScreenFade.cs","73","2102"
"Assembly-CSharp-firstpass","Assembly-CSharp-firstpass\Screenx.cs","123","3665"
"Assembly-CSharp-firstpass","Assembly-CSharp-firstpass\Script.cs","123","5789"
"Assembly-CSharp-firstpass","Assembly-CSharp-firstpass\SingletonScript.cs","32","844"
"Assembly-CSharp-firstpass","Assembly-CSharp-firstpass\SmoothFollower.cs","31","1124"
"Assembly-CSharp-firstpass","Assembly-CSharp-firstpass\SmoothRandom.cs","17","646"
"Assembly-CSharp-firstpass","Assembly-CSharp-firstpass\StoreKitBinding.cs","42","1786"
"Assembly-CSharp-firstpass","Assembly-CSharp-firstpass\StoreKitEventListener.cs","41","835"
"Assembly-CSharp-firstpass","Assembly-CSharp-firstpass\StoreKitGUIManager.cs","12","221"
"Assembly-CSharp-firstpass","Assembly-CSharp-firstpass\StoreKitManager.cs","153","2735"
"Assembly-CSharp-firstpass","Assembly-CSharp-firstpass\StoreKitProduct.cs","24","916"
"Assembly-CSharp-firstpass","Assembly-CSharp-firstpass\StoreKitTransaction.cs","24","1043"
"Assembly-CSharp-firstpass","Assembly-CSharp-firstpass\TransformGizmo.cs","7","119"
"Assembly-CSharp-firstpass","Assembly-CSharp-firstpass\UghAlign.cs","49","1043"
"Assembly-CSharp-firstpass","Assembly-CSharp-firstpass\UghButton.cs","30","773"
"Assembly-CSharp-firstpass","Assembly-CSharp-firstpass\UghButtonDisablable.cs","24","559"
"Assembly-CSharp-firstpass","Assembly-CSharp-firstpass\UghCamera.cs","69","1780"
"Assembly-CSharp-firstpass","Assembly-CSharp-firstpass\UghControl.cs","56","1313"
"Assembly-CSharp-firstpass","Assembly-CSharp-firstpass\UghInput.cs","71","1893"
"Assembly-CSharp-firstpass","Assembly-CSharp-firstpass\UghPublisher.cs","196","5545"
"Assembly-CSharp-firstpass","Assembly-CSharp-firstpass\UghScrollView.cs","156","4349"
"Assembly-CSharp-firstpass","Assembly-CSharp-firstpass\UghSlider.cs","55","1401"
"Assembly-CSharp-firstpass","Assembly-CSharp-firstpass\UghSlideToggle.cs","60","1530"
"Assembly-CSharp-firstpass","Assembly-CSharp-firstpass\UghSprite.cs","96","3059"
"Assembly-CSharp-firstpass","Assembly-CSharp-firstpass\UghSpritePrototype.cs","38","983"
"Assembly-CSharp-firstpass","Assembly-CSharp-firstpass\UghStretch.cs","58","1235"
"Assembly-CSharp-firstpass","Assembly-CSharp-firstpass\UghText.cs","49","1222"
"Assembly-CSharp-firstpass","Assembly-CSharp-firstpass\UghToggle.cs","60","1533"
"Assembly-CSharp-firstpass","Assembly-CSharp-firstpass\UghTriangle.cs","19","660"
"Assembly-CSharp-firstpass","Assembly-CSharp-firstpass\UnlocalizedString.cs","39","1375"
"Assembly-CSharp-firstpass","Assembly-CSharp-firstpass\Util.cs","189","9608"
"Assembly-CSharp-firstpass","Assembly-CSharp-firstpass\Vector3x.cs","29","1325"
"Assembly-CSharp-firstpass","Assembly-CSharp-firstpass\WindowIDs.cs","12","303"
"Assembly-CSharp-firstpass","Assembly-CSharp-firstpass\Properties\AssemblyInfo.cs","3","108"
"Assembly-UnityScript","Assembly-UnityScript\Car_Script.cs","40","1092"
"Assembly-UnityScript","Assembly-UnityScript\Plane_Script.cs","25","511"
"Assembly-UnityScript","Assembly-UnityScript\WheelData.cs","14","300"
"Assembly-UnityScript","Assembly-UnityScript\Properties\AssemblyInfo.cs","4","135"
