"Assembly","RelativePath","MissingBodyMarkers"
"Assembly-CSharp-firstpass","Assembly-CSharp-firstpass\Util.cs","44"
"Assembly-CSharp-firstpass","Assembly-CSharp-firstpass\JCloudDocumentAsync.cs","32"
"Assembly-CSharp","Assembly-CSharp\RaceManager.cs","27"
"Assembly-CSharp-firstpass","Assembly-CSharp-firstpass\Script.cs","23"
"Assembly-CSharp-firstpass","Assembly-CSharp-firstpass\MiniJSON.cs","18"
"Assembly-CSharp-firstpass","Assembly-CSharp-firstpass\Screenx.cs","18"
"Assembly-CSharp-firstpass","Assembly-CSharp-firstpass\GUIx.cs","18"
"Assembly-CSharp","Assembly-CSharp\CarCollider.cs","17"
"Assembly-CSharp-firstpass","Assembly-CSharp-firstpass\JCloudDocument.cs","17"
"Assembly-CSharp-firstpass","Assembly-CSharp-firstpass\P31CloudFile.cs","16"
"Assembly-CSharp","Assembly-CSharp\HUDLogic.cs","15"
"Assembly-CSharp","Assembly-CSharp\SoundLibrary.cs","15"
"Assembly-CSharp","Assembly-CSharp\StreamManager.cs","14"
"Assembly-CSharp-firstpass","Assembly-CSharp-firstpass\UghPublisher.cs","14"
"Assembly-CSharp","Assembly-CSharp\CartPartList.cs","13"
"Assembly-CSharp","Assembly-CSharp\DataUtility.cs","13"
"Assembly-CSharp-firstpass","Assembly-CSharp-firstpass\iCloudBinding.cs","13"
"Assembly-CSharp","Assembly-CSharp\CartAttributes.cs","12"
"Assembly-CSharp-firstpass","Assembly-CSharp-firstpass\UghSprite.cs","12"
"Assembly-CSharp-firstpass","Assembly-CSharp-firstpass\GravCloudPrefs.cs","11"
"Assembly-CSharp-firstpass","Assembly-CSharp-firstpass\UghScrollView.cs","11"
"Assembly-CSharp-firstpass","Assembly-CSharp-firstpass\Mathfx.cs","11"
"Assembly-CSharp","Assembly-CSharp\TrackUnlockHelper.cs","11"
"Assembly-CSharp","Assembly-CSharp\PreviewCart.cs","11"
"Assembly-CSharp-firstpass","Assembly-CSharp-firstpass\JCloudData.cs","10"
"Assembly-CSharp-firstpass","Assembly-CSharp-firstpass\JCloudDictionary.cs","10"
"Assembly-CSharp-firstpass","Assembly-CSharp-firstpass\Matrix4x4x.cs","9"
"Assembly-CSharp-firstpass","Assembly-CSharp-firstpass\P31Prefs.cs","9"
"Assembly-CSharp","Assembly-CSharp\WaypointLogic.cs","9"
"Assembly-CSharp","Assembly-CSharp\CartCustomizerPublisher.cs","8"
"Assembly-CSharp-firstpass","Assembly-CSharp-firstpass\LEDScroller.cs","8"
"Assembly-CSharp","Assembly-CSharp\BaseEffect.cs","8"
"Assembly-CSharp","Assembly-CSharp\CartSlot.cs","8"
"Assembly-CSharp-firstpass","Assembly-CSharp-firstpass\ScreenFade.cs","8"
"Assembly-CSharp","Assembly-CSharp\TriFoot.cs","7"
"Assembly-CSharp","Assembly-CSharp\CompositeTextureUtil.cs","7"
"Assembly-CSharp","Assembly-CSharp\SoundPackageManager.cs","7"
"Assembly-CSharp","Assembly-CSharp\EffectManager.cs","7"
"Assembly-CSharp-firstpass","Assembly-CSharp-firstpass\Perlin.cs","7"
"Assembly-CSharp","Assembly-CSharp\PowerupHolder.cs","6"
"Assembly-CSharp","Assembly-CSharp\GimpedCarAI.cs","6"
"Assembly-CSharp-firstpass","Assembly-CSharp-firstpass\UnlocalizedString.cs","6"
"Assembly-CSharp-firstpass","Assembly-CSharp-firstpass\Vector3x.cs","6"
"Assembly-CSharp","Assembly-CSharp\CarAI.cs","6"
"Assembly-CSharp-firstpass","Assembly-CSharp-firstpass\UghCamera.cs","6"
"Assembly-CSharp","Assembly-CSharp\QualityControl.cs","6"
"Assembly-CSharp","Assembly-CSharp\CharacterConfigData.cs","6"
"Assembly-CSharp-firstpass","Assembly-CSharp-firstpass\JCloudManager.cs","6"
"Assembly-CSharp-firstpass","Assembly-CSharp-firstpass\Localize.cs","6"
"Assembly-CSharp-firstpass","Assembly-CSharp-firstpass\UghInput.cs","6"
"Assembly-CSharp","Assembly-CSharp\LoadingPublisher.cs","6"
"Assembly-CSharp","Assembly-CSharp\FadeHelper.cs","5"
"Assembly-CSharp","Assembly-CSharp\SpeedPoint.cs","5"
"Assembly-CSharp","Assembly-CSharp\RaceSettings.cs","5"
"Assembly-CSharp-firstpass","Assembly-CSharp-firstpass\Rangef.cs","5"
"Assembly-CSharp-firstpass","Assembly-CSharp-firstpass\Rectx.cs","5"
"Assembly-CSharp","Assembly-CSharp\MissionManager.cs","5"
"Assembly-CSharp","Assembly-CSharp\MissionCollection.cs","5"
"Assembly-CSharp-firstpass","Assembly-CSharp-firstpass\GameCenterBinding.cs","5"
"Assembly-CSharp","Assembly-CSharp\PlayerKeyboardControl.cs","4"
"Assembly-CSharp-firstpass","Assembly-CSharp-firstpass\StoreKitTransaction.cs","4"
"Assembly-CSharp","Assembly-CSharp\PlayerInstance.cs","4"
"Assembly-CSharp","Assembly-CSharp\RaceResultsPublisher.cs","4"
"Assembly-CSharp-firstpass","Assembly-CSharp-firstpass\Inputx.cs","4"
"Assembly-CSharp-firstpass","Assembly-CSharp-firstpass\UghToggle.cs","4"
"Assembly-CSharp-firstpass","Assembly-CSharp-firstpass\UghSlider.cs","4"
"Assembly-CSharp-firstpass","Assembly-CSharp-firstpass\SmoothFollower.cs","4"
"Assembly-CSharp-firstpass","Assembly-CSharp-firstpass\MiniJsonExtensions.cs","4"
"Assembly-CSharp-firstpass","Assembly-CSharp-firstpass\ExternalPersistentArchive.cs","4"
"Assembly-CSharp","Assembly-CSharp\SelectCircuitPublisher.cs","4"
"Assembly-CSharp","Assembly-CSharp\AchievementListener.cs","4"
"Assembly-CSharp","Assembly-CSharp\SoundSequencer.cs","4"
"Assembly-CSharp-firstpass","Assembly-CSharp-firstpass\Dialog.cs","4"
"Assembly-CSharp-firstpass","Assembly-CSharp-firstpass\AudioSourcex.cs","4"
"Assembly-CSharp","Assembly-CSharp\CartPart.cs","4"
"Assembly-CSharp","Assembly-CSharp\BaseMission.cs","4"
"Assembly-CSharp","Assembly-CSharp\CarAIPathManager.cs","4"
"Assembly-CSharp","Assembly-CSharp\AchievementUI.cs","4"
"Assembly-CSharp","Assembly-CSharp\FrontEndLogic.cs","4"
"Assembly-CSharp","Assembly-CSharp\PowerupHitInAirAchievementListener.cs","3"
"Assembly-CSharp","Assembly-CSharp\ShieldEffect.cs","3"
"Assembly-CSharp","Assembly-CSharp\MusicPlayer.cs","3"
"Assembly-CSharp","Assembly-CSharp\PowerSlideBoostAchievementListener.cs","3"
"Assembly-CSharp-firstpass","Assembly-CSharp-firstpass\SingletonScript.cs","3"
"Assembly-CSharp","Assembly-CSharp\PickupCoinsPerRaceAchievementListener.cs","3"
"Assembly-CSharp-firstpass","Assembly-CSharp-firstpass\JCloudRoutine.cs","3"
"Assembly-CSharp","Assembly-CSharp\CheckPowerupUseAchievementListener.cs","3"
"Assembly-CSharp","Assembly-CSharp\ScreenFader.cs","3"
"Assembly-CSharp","Assembly-CSharp\UsePowerupAgainstOpponentAchievementListener.cs","3"
"Assembly-CSharp","Assembly-CSharp\FrontEndTutorialPublisher.cs","3"
"Assembly-CSharp","Assembly-CSharp\UnlockedCircuitPublisher.cs","3"
"Assembly-CSharp","Assembly-CSharp\UseAPowerupAchievementListener.cs","3"
"Assembly-CSharp","Assembly-CSharp\GetHitByTrackHazardAchievementListener.cs","3"
"Assembly-CSharp","Assembly-CSharp\LifetimePowerupCollectionAchievementListener.cs","3"
"Assembly-CSharp-firstpass","Assembly-CSharp-firstpass\UghSlideToggle.cs","3"
"Assembly-CSharp","Assembly-CSharp\AlternateForm.cs","3"
"Assembly-CSharp","Assembly-CSharp\LifetimeOpponentHitsAchievementListener.cs","3"
"Assembly-CSharp","Assembly-CSharp\UnlockAchievementListener.cs","3"
"Assembly-CSharp","Assembly-CSharp\InRaceAquirePickupListener.cs","3"
"Assembly-CSharp-firstpass","Assembly-CSharp-firstpass\FractalNoise.cs","3"
"Assembly-CSharp","Assembly-CSharp\MineNotifyPublisher.cs","3"
"Assembly-CSharp","Assembly-CSharp\RewindDialogPublisher.cs","3"
"Assembly-CSharp-firstpass","Assembly-CSharp-firstpass\SmoothRandom.cs","3"
"Assembly-CSharp-firstpass","Assembly-CSharp-firstpass\StoreKitProduct.cs","3"
"Assembly-CSharp-firstpass","Assembly-CSharp-firstpass\UghControl.cs","3"
"Assembly-CSharp-firstpass","Assembly-CSharp-firstpass\EdgePixels.cs","3"
"Assembly-CSharp","Assembly-CSharp\DebugMoreCoinsPublisher.cs","2"
"Assembly-CSharp-firstpass","Assembly-CSharp-firstpass\EnumerableScript.cs","2"
"Assembly-CSharp-firstpass","Assembly-CSharp-firstpass\GameCenterAchievement.cs","2"
"Assembly-CSharp-firstpass","Assembly-CSharp-firstpass\DictionaryToString.cs","2"
"Assembly-CSharp-firstpass","Assembly-CSharp-firstpass\AudioManager.cs","2"
"Assembly-CSharp","Assembly-CSharp\StreamedMultilayerTexture.cs","2"
"Assembly-CSharp","Assembly-CSharp\TeleportEffect.cs","2"
"Assembly-CSharp","Assembly-CSharp\SpreadMineEffect.cs","2"
"Assembly-CSharp","Assembly-CSharp\SourceFactory.cs","2"
"Assembly-CSharp","Assembly-CSharp\SpendCoinsOverLifetimeAchievementListener.cs","2"
"Assembly-CSharp","Assembly-CSharp\InputBlocker.cs","2"
"Assembly-CSharp","Assembly-CSharp\WipeoutEffect.cs","2"
"Assembly-CSharp","Assembly-CSharp\TripLineEffect.cs","2"
"Assembly-CSharp","Assembly-CSharp\TimeInAirAchievementListener.cs","2"
"Assembly-CSharp","Assembly-CSharp\DriftScalePublisher.cs","2"
"Assembly-CSharp","Assembly-CSharp\BoosterEffect.cs","2"
"Assembly-CSharp","Assembly-CSharp\BoatAnchorEffect.cs","2"
"Assembly-CSharp","Assembly-CSharp\CameraShake.cs","2"
"Assembly-CSharp-firstpass","Assembly-CSharp-firstpass\LocalizedString.cs","2"
"Assembly-CSharp","Assembly-CSharp\CarMetrics.cs","2"
"Assembly-CSharp-firstpass","Assembly-CSharp-firstpass\StoreKitBinding.cs","2"
"Assembly-CSharp","Assembly-CSharp\AchievementWindowPublisher.cs","2"
"Assembly-CSharp","Assembly-CSharp\AchievementManager.cs","2"
"Assembly-CSharp-firstpass","Assembly-CSharp-firstpass\UghText.cs","2"
"Assembly-CSharp","Assembly-CSharp\AnimationDriver.cs","2"
"Assembly-CSharp","Assembly-CSharp\AgeGatePopup.cs","2"
"Assembly-CSharp","Assembly-CSharp\CharacterSelectPublisher.cs","2"
"Assembly-CSharp-firstpass","Assembly-CSharp-firstpass\GameCenterScore.cs","2"
"Assembly-CSharp-firstpass","Assembly-CSharp-firstpass\GravCloudBinding.cs","2"
"Assembly-CSharp-firstpass","Assembly-CSharp-firstpass\GameCenterPlayer.cs","2"
"Assembly-CSharp-firstpass","Assembly-CSharp-firstpass\GameCenterAchievementMetadata.cs","2"
"Assembly-CSharp-firstpass","Assembly-CSharp-firstpass\GameCenterLeaderboard.cs","2"
"Assembly-CSharp","Assembly-CSharp\ConfirmationPublisher.cs","2"
"Assembly-CSharp","Assembly-CSharp\CoinBalanceAchievementListener.cs","2"
"Assembly-CSharp-firstpass","Assembly-CSharp-firstpass\JCloudRoutineReturn.cs","2"
"Assembly-CSharp","Assembly-CSharp\CoinPoint.cs","2"
"Assembly-CSharp","Assembly-CSharp\CompleteAllMissionsAchievementListener.cs","2"
"Assembly-CSharp-firstpass","Assembly-CSharp-firstpass\iCloudManager.cs","2"
"Assembly-CSharp","Assembly-CSharp\MaxCrashSpeedAchievementListener.cs","2"
"Assembly-CSharp","Assembly-CSharp\ParticleLibrary.cs","2"
"Assembly-CSharp","Assembly-CSharp\MetaMissionGroupAchievementListener.cs","2"
"Assembly-CSharp","Assembly-CSharp\RocketRideEffect.cs","2"
"Assembly-CSharp","Assembly-CSharp\ExplodingBarrel.cs","2"
"Assembly-CSharp","Assembly-CSharp\PieLauncher.cs","2"
"Assembly-CSharp","Assembly-CSharp\MultilayerTexture.cs","2"
"Assembly-CSharp","Assembly-CSharp\LoadSpin.cs","2"
"Assembly-CSharp","Assembly-CSharp\FlipEffect.cs","2"
"Assembly-CSharp","Assembly-CSharp\GuidedJumpEffect.cs","2"
"Assembly-CSharp","Assembly-CSharp\PowerupMagnet.cs","2"
"Assembly-CSharp","Assembly-CSharp\FrontEndTutorialHandler.cs","2"
"Assembly-CSharp","Assembly-CSharp\MineAI.cs","2"
"Assembly-CSharp","Assembly-CSharp\RocketEffect.cs","2"
"Assembly-CSharp","Assembly-CSharp\MineEffect.cs","2"
"Assembly-CSharp","Assembly-CSharp\RandomShotEffect.cs","2"
"Assembly-CSharp","Assembly-CSharp\SlowdownEffect.cs","2"
"Assembly-CSharp","Assembly-CSharp\SkidEffect.cs","2"
"Assembly-CSharp","Assembly-CSharp\PieAttack.cs","2"
"Assembly-CSharp","Assembly-CSharp\SmashEffect.cs","2"
"Assembly-CSharp","Assembly-CSharp\PlaceWithNoPowerupsAchievementListener.cs","2"
"Assembly-CSharp","Assembly-CSharp\EquipPaintJobAchievementListener.cs","2"
"Assembly-CSharp","Assembly-CSharp\EquipPartSetAchievementListener.cs","2"
"Assembly-CSharp","Assembly-CSharp\ShockedEffect.cs","2"
"Assembly-CSharp","Assembly-CSharp\HitMaxSpeedAchievementListener.cs","2"
"Assembly-CSharp","Assembly-CSharp\PieHitEffect.cs","2"
"Assembly-CSharp","Assembly-CSharp\LifetimeMetrics.cs","2"
"Assembly-CSharp","Assembly-CSharp\LifetimeInAirAchievementListener.cs","2"
"Assembly-CSharp","Assembly-CSharp\ShiftUIPublisher.cs","2"
"Assembly-CSharp-firstpass","Assembly-CSharp-firstpass\MessengerInternal.cs","1"
"Assembly-CSharp","Assembly-CSharp\BoosterPickup.cs","1"
"Assembly-CSharp","Assembly-CSharp\ParticleSystemDestroy.cs","1"
"Assembly-CSharp-firstpass","Assembly-CSharp-firstpass\MoreGamesBinding.cs","1"
"Assembly-CSharp","Assembly-CSharp\PickupSpawner.cs","1"
"Assembly-CSharp","Assembly-CSharp\CarAIPersonality.cs","1"
"Assembly-CSharp-firstpass","Assembly-CSharp-firstpass\PIDVectorController.cs","1"
"Assembly-CSharp-firstpass","Assembly-CSharp-firstpass\PIDController.cs","1"
"Assembly-CSharp-firstpass","Assembly-CSharp-firstpass\Quaternionx.cs","1"
"Assembly-CSharp","Assembly-CSharp\CarProgress.cs","1"
"Assembly-CSharp","Assembly-CSharp\PaintJob.cs","1"
"Assembly-CSharp","Assembly-CSharp\CarAIPath.cs","1"
"Assembly-CSharp","Assembly-CSharp\ObjectGroupList.cs","1"
"Assembly-CSharp-firstpass","Assembly-CSharp-firstpass\UghSpritePrototype.cs","1"
"Assembly-CSharp-firstpass","Assembly-CSharp-firstpass\UghStretch.cs","1"
"Assembly-CSharp","Assembly-CSharp\MakePlaceAchievementListener.cs","1"
"Assembly-CSharp","Assembly-CSharp\LocalizedAssetSwapper.cs","1"
"Assembly-CSharp-firstpass","Assembly-CSharp-firstpass\UghTriangle.cs","1"
"Assembly-CSharp-firstpass","Assembly-CSharp-firstpass\WindowIDs.cs","1"
"Assembly-UnityScript","Assembly-UnityScript\Car_Script.cs","1"
"Assembly-CSharp","Assembly-CSharp\AchievementPanelPublisher.cs","1"
"Assembly-CSharp","Assembly-CSharp\LastPlaceAchievementListener.cs","1"
"Assembly-CSharp","Assembly-CSharp\MinePickup.cs","1"
"Assembly-CSharp-firstpass","Assembly-CSharp-firstpass\UghAlign.cs","1"
"Assembly-CSharp","Assembly-CSharp\MoreDisneyLogic.cs","1"
"Assembly-CSharp","Assembly-CSharp\BillboardRemover.cs","1"
"Assembly-CSharp-firstpass","Assembly-CSharp-firstpass\UghButton.cs","1"
"Assembly-CSharp","Assembly-CSharp\BarrelLauncher.cs","1"
"Assembly-CSharp","Assembly-CSharp\AnimatedTexture.cs","1"
"Assembly-CSharp-firstpass","Assembly-CSharp-firstpass\UghButtonDisablable.cs","1"
"Assembly-CSharp","Assembly-CSharp\BarrelSpawner.cs","1"
"Assembly-CSharp","Assembly-CSharp\RotatorAI.cs","1"
"Assembly-CSharp","Assembly-CSharp\RocketPickup.cs","1"
"Assembly-CSharp","Assembly-CSharp\WhoopieCushion.cs","1"
"Assembly-CSharp","Assembly-CSharp\VolumeSlider.cs","1"
"Assembly-CSharp","Assembly-CSharp\DifficultyMenuPublisher.cs","1"
"Assembly-CSharp-firstpass","Assembly-CSharp-firstpass\DrawArea3D.cs","1"
"Assembly-CSharp","Assembly-CSharp\RewbieShimmer.cs","1"
"Assembly-CSharp-firstpass","Assembly-CSharp-firstpass\DrawArea.cs","1"
"Assembly-CSharp-firstpass","Assembly-CSharp-firstpass\ByteStream.cs","1"
"Assembly-CSharp","Assembly-CSharp\DailyBonusPublisher.cs","1"
"Assembly-CSharp","Assembly-CSharp\UsePowerupAIState.cs","1"
"Assembly-CSharp","Assembly-CSharp\DriveAvoidTerrainAIState.cs","1"
"Assembly-CSharp","Assembly-CSharp\TurkeyGooShooter.cs","1"
"Assembly-CSharp","Assembly-CSharp\TrackSelectPublisher.cs","1"
"Assembly-CSharp","Assembly-CSharp\DrivePickupAIState.cs","1"
"Assembly-CSharp","Assembly-CSharp\DriveHitBeneficialAIState.cs","1"
"Assembly-CSharp","Assembly-CSharp\ShadowBlob.cs","1"
"Assembly-CSharp","Assembly-CSharp\SettingsMenuPublisher.cs","1"
"Assembly-CSharp","Assembly-CSharp\ShieldPickup.cs","1"
"Assembly-CSharp","Assembly-CSharp\TutorialLauncherPublisher.cs","1"
"Assembly-CSharp","Assembly-CSharp\UghHeldButton.cs","1"
"Assembly-CSharp","Assembly-CSharp\DriveWaypointsCarAIState.cs","1"
"Assembly-CSharp","Assembly-CSharp\CharacterVOControllerGameObjectExtender.cs","1"
"Assembly-CSharp","Assembly-CSharp\CloudSaveData.cs","1"
"Assembly-CSharp","Assembly-CSharp\GenericPopupPublisher.cs","1"
"Assembly-CSharp","Assembly-CSharp\PlayerAccelControl.cs","1"
"Assembly-CSharp","Assembly-CSharp\CatchupNotify.cs","1"
"Assembly-CSharp","Assembly-CSharp\CartPrimaryTextureProfile.cs","1"
"Assembly-CSharp","Assembly-CSharp\CausticsManager.cs","1"
"Assembly-CSharp","Assembly-CSharp\CharacterVOController.cs","1"
"Assembly-CSharp","Assembly-CSharp\PieSplat.cs","1"
"Assembly-CSharp","Assembly-CSharp\PlayMenuPublisher.cs","1"
"Assembly-CSharp","Assembly-CSharp\FirstPlaceAchievementListener.cs","1"
"Assembly-CSharp","Assembly-CSharp\Crab.cs","1"
"Assembly-CSharp","Assembly-CSharp\Explosion.cs","1"
"Assembly-CSharp-firstpass","Assembly-CSharp-firstpass\Email.cs","1"
"Assembly-CSharp","Assembly-CSharp\CrossFinishLineBackwardsAchievementListener.cs","1"
"Assembly-CSharp","Assembly-CSharp\CompositeProfile.cs","1"
"Assembly-CSharp","Assembly-CSharp\PlaySummaryPublisher.cs","1"
"Assembly-CSharp","Assembly-CSharp\PreFrontEndHoop.cs","1"
"Assembly-CSharp","Assembly-CSharp\FrontEndCamera.cs","1"
"Assembly-CSharp","Assembly-CSharp\ProgressTriggerLogic.cs","1"
